[{"id":3,"title":"Team Form Demo","status":"published","appearance_settings":null,"form_fields":{"fields":[{"index":1,"element":"container","attributes":[],"settings":{"container_class":"","conditional_logics":[],"container_width":"","is_width_auto_calc":true},"columns":[{"width":50,"fields":[{"index":0,"element":"input_name","attributes":{"name":"names","data-type":"name-element"},"settings":{"container_class":"","admin_field_label":"Name","conditional_logics":[],"label_placement":""},"fields":{"first_name":{"element":"input_text","attributes":{"type":"text","name":"first_name","value":"","id":"","class":"","placeholder":"Name"},"settings":{"container_class":"","label":"","help_message":"","visible":true,"validation_rules":{"required":{"value":false,"message":"This field is required","global":false,"global_message":"This field is required"}},"conditional_logics":[]},"editor_options":{"template":"inputText"}},"middle_name":{"element":"input_text","attributes":{"type":"text","name":"middle_name","value":"","id":"","class":"","placeholder":"","required":false},"settings":{"container_class":"","label":"Middle Name","help_message":"","error_message":"","visible":false,"validation_rules":{"required":{"value":false,"message":"This field is required","global":false,"global_message":"This field is required"}},"conditional_logics":[]},"editor_options":{"template":"inputText"}},"last_name":{"element":"input_text","attributes":{"type":"text","name":"last_name","value":"","id":"","class":"","placeholder":"Last Name","required":false},"settings":{"container_class":"","label":"Last Name","help_message":"","error_message":"","visible":false,"validation_rules":{"required":{"value":false,"message":"This field is required","global":false,"global_message":"This field is required"}},"conditional_logics":[]},"editor_options":{"template":"inputText"}}},"editor_options":{"title":"Name Fields","element":"name-fields","icon_class":"ff-edit-name","template":"nameFields"},"uniqElKey":"el_1723119229016"}]},{"width":50,"fields":[{"index":1,"element":"input_email","attributes":{"type":"email","name":"email","value":"","id":"","class":"","placeholder":"Email"},"settings":{"container_class":"","label":"","label_placement":"","help_message":"","admin_field_label":"","validation_rules":{"required":{"value":true,"message":"This field is required","global":false,"global_message":"This field is required"},"email":{"value":true,"message":"This field must contain a valid email","global":false,"global_message":"This field must contain a valid email"}},"conditional_logics":[],"is_unique":"no","unique_validation_message":"Email address need to be unique.","prefix_label":"","suffix_label":""},"editor_options":{"title":"Email Address","icon_class":"ff-edit-email","template":"inputText"},"uniqElKey":"el_1723119234185"}]}],"editor_options":{"title":"Two Column Container","icon_class":"ff-edit-column-2"},"uniqElKey":"el_1723119225448"},{"index":2,"element":"input_text","attributes":{"type":"text","name":"subject","value":"","class":"","placeholder":"Subject","maxlength":""},"settings":{"container_class":"","label":"","label_placement":"","admin_field_label":"Subject","help_message":"","validation_rules":{"required":{"value":false,"message":"This field is required","global":false,"global_message":"This field is required"}},"conditional_logics":{"type":"any","status":false,"conditions":[{"field":"","value":"","operator":""}]},"is_unique":"no","unique_validation_message":"This field value need to be unique.","prefix_label":"","suffix_label":""},"editor_options":{"title":"Simple Text","icon_class":"ff-edit-text","template":"inputText"},"uniqElKey":"el_1570878958648"},{"index":3,"element":"textarea","attributes":{"name":"message","value":"","id":"","class":"","placeholder":"Comment","rows":"6","cols":2,"maxlength":""},"settings":{"container_class":"","label":"","admin_field_label":"","label_placement":"","help_message":"","validation_rules":{"required":{"value":true,"message":"This field is required","global":false,"global_message":"This field is required"}},"conditional_logics":{"type":"any","status":false,"conditions":[{"field":"","value":"","operator":""}]}},"editor_options":{"title":"Text Area","icon_class":"ff-edit-textarea","template":"inputTextarea"},"uniqElKey":"el_1570879001207"}],"submitButton":{"uniqElKey":"el_1524065200616","element":"button","attributes":{"type":"submit","class":""},"settings":{"align":"left","button_style":"no_style","container_class":"","help_message":"","background_color":"##1a7efb","button_size":"md","color":"#ffffff","button_ui":{"type":"default","text":"Submit Now","img_url":""},"normal_styles":{"backgroundColor":"#1a7efb","borderColor":"#1a7efb","color":"#ffffff","borderRadius":"","minWidth":""},"hover_styles":{"backgroundColor":"#ffffff","borderColor":"#1a7efb","color":"#1a7efb","borderRadius":"","minWidth":""},"current_state":"normal_styles"},"editor_options":{"title":"Submit Button"}}},"has_payment":"0","type":null,"conditions":null,"created_by":"1","created_at":"2024-08-08 12:13:34","updated_at":"2024-08-08 12:19:39","form_meta":[{"id":11,"form_id":"3","meta_key":"template_name","value":"basic_contact_form"},{"id":12,"form_id":"3","meta_key":"formSettings","value":"{\"confirmation\":{\"redirectTo\":\"samePage\",\"messageToShow\":\"Thank you for your message. We will get in touch with you shortly\",\"customPage\":null,\"samePageFormBehavior\":\"hide_form\",\"customUrl\":null},\"restrictions\":{\"limitNumberOfEntries\":{\"enabled\":false,\"numberOfEntries\":null,\"period\":\"total\",\"limitReachedMsg\":\"Maximum number of entries exceeded.\"},\"scheduleForm\":{\"enabled\":false,\"start\":null,\"end\":null,\"selectedDays\":[\"Monday\",\"Tuesday\",\"Wednesday\",\"Thursday\",\"Friday\",\"Saturday\",\"Sunday\"],\"pendingMsg\":\"Form submission is not started yet.\",\"expiredMsg\":\"Form submission is now closed.\"},\"requireLogin\":{\"enabled\":false,\"requireLoginMsg\":\"You must be logged in to submit the form.\"},\"denyEmptySubmission\":{\"enabled\":false,\"message\":\"Sorry, you cannot submit an empty form. Let's hear what you wanna say.\"}},\"layout\":{\"labelPlacement\":\"top\",\"helpMessagePlacement\":\"with_label\",\"errorMessagePlacement\":\"inline\",\"cssClassName\":\"\",\"asteriskPlacement\":\"asterisk-right\"},\"delete_entry_on_submission\":\"no\",\"appendSurveyResult\":{\"enabled\":false,\"showLabel\":false,\"showCount\":false}}"},{"id":13,"form_id":"3","meta_key":"advancedValidationSettings","value":"{\"status\":false,\"type\":\"all\",\"conditions\":[{\"field\":\"\",\"operator\":\"=\",\"value\":\"\"}],\"error_message\":\"\",\"validation_type\":\"fail_on_condition_met\"}"},{"id":14,"form_id":"3","meta_key":"double_optin_settings","value":"{\"status\":\"no\",\"confirmation_message\":\"Please check your email inbox to confirm this submission\",\"email_body_type\":\"global\",\"email_subject\":\"Please confirm your form submission\",\"email_body\":\"<h2>Please Confirm Your Submission<\/h2><p>&nbsp;<\/p><p style=\"text-align: center;\"><a style=\"color: #ffffff; background-color: #454545; font-size: 16px; border-radius: 5px; text-decoration: none; font-weight: normal; font-style: normal; padding: 0.8rem 1rem; border-color: #0072ff;\" href=\"#confirmation_url#\">Confirm Submission<\/a><\/p><p>&nbsp;<\/p><p>If you received this email by mistake, simply delete it. Your form submission won't proceed if you don't click the confirmation link above.<\/p>\",\"email_field\":\"\",\"skip_if_logged_in\":\"yes\",\"skip_if_fc_subscribed\":\"no\"}"},{"id":15,"form_id":"3","meta_key":"_primary_email_field","value":"email"},{"id":34,"form_id":"3","meta_key":"_total_views","value":"17"}],"metas":[{"id":11,"form_id":"3","meta_key":"template_name","value":"basic_contact_form"},{"id":12,"form_id":"3","meta_key":"formSettings","value":"{\"confirmation\":{\"redirectTo\":\"samePage\",\"messageToShow\":\"Thank you for your message. We will get in touch with you shortly\",\"customPage\":null,\"samePageFormBehavior\":\"hide_form\",\"customUrl\":null},\"restrictions\":{\"limitNumberOfEntries\":{\"enabled\":false,\"numberOfEntries\":null,\"period\":\"total\",\"limitReachedMsg\":\"Maximum number of entries exceeded.\"},\"scheduleForm\":{\"enabled\":false,\"start\":null,\"end\":null,\"selectedDays\":[\"Monday\",\"Tuesday\",\"Wednesday\",\"Thursday\",\"Friday\",\"Saturday\",\"Sunday\"],\"pendingMsg\":\"Form submission is not started yet.\",\"expiredMsg\":\"Form submission is now closed.\"},\"requireLogin\":{\"enabled\":false,\"requireLoginMsg\":\"You must be logged in to submit the form.\"},\"denyEmptySubmission\":{\"enabled\":false,\"message\":\"Sorry, you cannot submit an empty form. Let's hear what you wanna say.\"}},\"layout\":{\"labelPlacement\":\"top\",\"helpMessagePlacement\":\"with_label\",\"errorMessagePlacement\":\"inline\",\"cssClassName\":\"\",\"asteriskPlacement\":\"asterisk-right\"},\"delete_entry_on_submission\":\"no\",\"appendSurveyResult\":{\"enabled\":false,\"showLabel\":false,\"showCount\":false}}"},{"id":13,"form_id":"3","meta_key":"advancedValidationSettings","value":"{\"status\":false,\"type\":\"all\",\"conditions\":[{\"field\":\"\",\"operator\":\"=\",\"value\":\"\"}],\"error_message\":\"\",\"validation_type\":\"fail_on_condition_met\"}"},{"id":14,"form_id":"3","meta_key":"double_optin_settings","value":"{\"status\":\"no\",\"confirmation_message\":\"Please check your email inbox to confirm this submission\",\"email_body_type\":\"global\",\"email_subject\":\"Please confirm your form submission\",\"email_body\":\"<h2>Please Confirm Your Submission<\/h2><p>&nbsp;<\/p><p style=\"text-align: center;\"><a style=\"color: #ffffff; background-color: #454545; font-size: 16px; border-radius: 5px; text-decoration: none; font-weight: normal; font-style: normal; padding: 0.8rem 1rem; border-color: #0072ff;\" href=\"#confirmation_url#\">Confirm Submission<\/a><\/p><p>&nbsp;<\/p><p>If you received this email by mistake, simply delete it. Your form submission won't proceed if you don't click the confirmation link above.<\/p>\",\"email_field\":\"\",\"skip_if_logged_in\":\"yes\",\"skip_if_fc_subscribed\":\"no\"}"},{"id":15,"form_id":"3","meta_key":"_primary_email_field","value":"email"}]},{"id":4,"title":"Service Form Demo","status":"published","appearance_settings":null,"form_fields":{"fields":[{"index":0,"element":"input_name","attributes":{"name":"names","data-type":"name-element"},"settings":{"container_class":"","admin_field_label":"Name","conditional_logics":[],"label_placement":""},"fields":{"first_name":{"element":"input_text","attributes":{"type":"text","name":"first_name","value":"","id":"","class":"","placeholder":"Name"},"settings":{"container_class":"","label":"","help_message":"","visible":true,"validation_rules":{"required":{"value":false,"message":"This field is required","global":false,"global_message":"This field is required"}},"conditional_logics":[]},"editor_options":{"template":"inputText"}},"middle_name":{"element":"input_text","attributes":{"type":"text","name":"middle_name","value":"","id":"","class":"","placeholder":"","required":false},"settings":{"container_class":"","label":"Middle Name","help_message":"","error_message":"","visible":false,"validation_rules":{"required":{"value":false,"message":"This field is required","global":false,"global_message":"This field is required"}},"conditional_logics":[]},"editor_options":{"template":"inputText"}},"last_name":{"element":"input_text","attributes":{"type":"text","name":"last_name","value":"","id":"","class":"","placeholder":"Last Name","required":false},"settings":{"container_class":"","label":"Last Name","help_message":"","error_message":"","visible":false,"validation_rules":{"required":{"value":false,"message":"This field is required","global":false,"global_message":"This field is required"}},"conditional_logics":[]},"editor_options":{"template":"inputText"}}},"editor_options":{"title":"Name Fields","element":"name-fields","icon_class":"ff-edit-name","template":"nameFields"},"uniqElKey":"el_1723177897658"},{"index":1,"element":"input_email","attributes":{"type":"email","name":"email","value":"","id":"","class":"","placeholder":"Email"},"settings":{"container_class":"","label":"","label_placement":"","help_message":"","admin_field_label":"","validation_rules":{"required":{"value":true,"message":"This field is required","global":false,"global_message":"This field is required"},"email":{"value":true,"message":"This field must contain a valid email","global":false,"global_message":"This field must contain a valid email"}},"conditional_logics":[],"is_unique":"no","unique_validation_message":"Email address need to be unique.","prefix_label":"","suffix_label":""},"editor_options":{"title":"Email Address","icon_class":"ff-edit-email","template":"inputText"},"uniqElKey":"el_1723177894838"},{"index":2,"element":"input_text","attributes":{"type":"text","name":"subject","value":"","class":"","placeholder":"Subject","maxlength":""},"settings":{"container_class":"","label":"","label_placement":"","admin_field_label":"Subject","help_message":"","validation_rules":{"required":{"value":false,"message":"This field is required","global":false,"global_message":"This field is required"}},"conditional_logics":{"type":"any","status":false,"conditions":[{"field":"","value":"","operator":""}]},"is_unique":"no","unique_validation_message":"This field value need to be unique.","prefix_label":"","suffix_label":""},"editor_options":{"title":"Simple Text","icon_class":"ff-edit-text","template":"inputText"},"uniqElKey":"el_1570878958648"},{"index":3,"element":"textarea","attributes":{"name":"message","value":"","id":"","class":"","placeholder":"Comment","rows":"6","cols":2,"maxlength":""},"settings":{"container_class":"","label":"","admin_field_label":"","label_placement":"","help_message":"","validation_rules":{"required":{"value":true,"message":"This field is required","global":false,"global_message":"This field is required"}},"conditional_logics":{"type":"any","status":false,"conditions":[{"field":"","value":"","operator":""}]}},"editor_options":{"title":"Text Area","icon_class":"ff-edit-textarea","template":"inputTextarea"},"uniqElKey":"el_1570879001207"}],"submitButton":{"uniqElKey":"el_1524065200616","element":"button","attributes":{"type":"submit","class":""},"settings":{"align":"left","button_style":"no_style","container_class":"","help_message":"","background_color":"##1a7efb","button_size":"md","color":"#ffffff","button_ui":{"type":"default","text":"Submit Now","img_url":""},"normal_styles":{"backgroundColor":"#1a7efb","borderColor":"#1a7efb","color":"#ffffff","borderRadius":"","minWidth":""},"hover_styles":{"backgroundColor":"#ffffff","borderColor":"#1a7efb","color":"#1a7efb","borderRadius":"","minWidth":""},"current_state":"normal_styles"},"editor_options":{"title":"Submit Button"}}},"has_payment":"0","type":null,"conditions":null,"created_by":"1","created_at":"2024-08-09 04:31:04","updated_at":"2024-08-09 04:31:51","form_meta":[{"id":16,"form_id":"4","meta_key":"template_name","value":"basic_contact_form"},{"id":17,"form_id":"4","meta_key":"formSettings","value":"{\"confirmation\":{\"redirectTo\":\"samePage\",\"messageToShow\":\"Thank you for your message. We will get in touch with you shortly\",\"customPage\":null,\"samePageFormBehavior\":\"hide_form\",\"customUrl\":null},\"restrictions\":{\"limitNumberOfEntries\":{\"enabled\":false,\"numberOfEntries\":null,\"period\":\"total\",\"limitReachedMsg\":\"Maximum number of entries exceeded.\"},\"scheduleForm\":{\"enabled\":false,\"start\":null,\"end\":null,\"selectedDays\":[\"Monday\",\"Tuesday\",\"Wednesday\",\"Thursday\",\"Friday\",\"Saturday\",\"Sunday\"],\"pendingMsg\":\"Form submission is not started yet.\",\"expiredMsg\":\"Form submission is now closed.\"},\"requireLogin\":{\"enabled\":false,\"requireLoginMsg\":\"You must be logged in to submit the form.\"},\"denyEmptySubmission\":{\"enabled\":false,\"message\":\"Sorry, you cannot submit an empty form. Let's hear what you wanna say.\"}},\"layout\":{\"labelPlacement\":\"top\",\"helpMessagePlacement\":\"with_label\",\"errorMessagePlacement\":\"inline\",\"cssClassName\":\"\",\"asteriskPlacement\":\"asterisk-right\"},\"delete_entry_on_submission\":\"no\",\"appendSurveyResult\":{\"enabled\":false,\"showLabel\":false,\"showCount\":false}}"},{"id":18,"form_id":"4","meta_key":"advancedValidationSettings","value":"{\"status\":false,\"type\":\"all\",\"conditions\":[{\"field\":\"\",\"operator\":\"=\",\"value\":\"\"}],\"error_message\":\"\",\"validation_type\":\"fail_on_condition_met\"}"},{"id":19,"form_id":"4","meta_key":"double_optin_settings","value":"{\"status\":\"no\",\"confirmation_message\":\"Please check your email inbox to confirm this submission\",\"email_body_type\":\"global\",\"email_subject\":\"Please confirm your form submission\",\"email_body\":\"<h2>Please Confirm Your Submission<\/h2><p>&nbsp;<\/p><p style=\"text-align: center;\"><a style=\"color: #ffffff; background-color: #454545; font-size: 16px; border-radius: 5px; text-decoration: none; font-weight: normal; font-style: normal; padding: 0.8rem 1rem; border-color: #0072ff;\" href=\"#confirmation_url#\">Confirm Submission<\/a><\/p><p>&nbsp;<\/p><p>If you received this email by mistake, simply delete it. Your form submission won't proceed if you don't click the confirmation link above.<\/p>\",\"email_field\":\"\",\"skip_if_logged_in\":\"yes\",\"skip_if_fc_subscribed\":\"no\"}"},{"id":20,"form_id":"4","meta_key":"_primary_email_field","value":"email"},{"id":32,"form_id":"4","meta_key":"_total_views","value":"8"}],"metas":[{"id":16,"form_id":"4","meta_key":"template_name","value":"basic_contact_form"},{"id":17,"form_id":"4","meta_key":"formSettings","value":"{\"confirmation\":{\"redirectTo\":\"samePage\",\"messageToShow\":\"Thank you for your message. We will get in touch with you shortly\",\"customPage\":null,\"samePageFormBehavior\":\"hide_form\",\"customUrl\":null},\"restrictions\":{\"limitNumberOfEntries\":{\"enabled\":false,\"numberOfEntries\":null,\"period\":\"total\",\"limitReachedMsg\":\"Maximum number of entries exceeded.\"},\"scheduleForm\":{\"enabled\":false,\"start\":null,\"end\":null,\"selectedDays\":[\"Monday\",\"Tuesday\",\"Wednesday\",\"Thursday\",\"Friday\",\"Saturday\",\"Sunday\"],\"pendingMsg\":\"Form submission is not started yet.\",\"expiredMsg\":\"Form submission is now closed.\"},\"requireLogin\":{\"enabled\":false,\"requireLoginMsg\":\"You must be logged in to submit the form.\"},\"denyEmptySubmission\":{\"enabled\":false,\"message\":\"Sorry, you cannot submit an empty form. Let's hear what you wanna say.\"}},\"layout\":{\"labelPlacement\":\"top\",\"helpMessagePlacement\":\"with_label\",\"errorMessagePlacement\":\"inline\",\"cssClassName\":\"\",\"asteriskPlacement\":\"asterisk-right\"},\"delete_entry_on_submission\":\"no\",\"appendSurveyResult\":{\"enabled\":false,\"showLabel\":false,\"showCount\":false}}"},{"id":18,"form_id":"4","meta_key":"advancedValidationSettings","value":"{\"status\":false,\"type\":\"all\",\"conditions\":[{\"field\":\"\",\"operator\":\"=\",\"value\":\"\"}],\"error_message\":\"\",\"validation_type\":\"fail_on_condition_met\"}"},{"id":19,"form_id":"4","meta_key":"double_optin_settings","value":"{\"status\":\"no\",\"confirmation_message\":\"Please check your email inbox to confirm this submission\",\"email_body_type\":\"global\",\"email_subject\":\"Please confirm your form submission\",\"email_body\":\"<h2>Please Confirm Your Submission<\/h2><p>&nbsp;<\/p><p style=\"text-align: center;\"><a style=\"color: #ffffff; background-color: #454545; font-size: 16px; border-radius: 5px; text-decoration: none; font-weight: normal; font-style: normal; padding: 0.8rem 1rem; border-color: #0072ff;\" href=\"#confirmation_url#\">Confirm Submission<\/a><\/p><p>&nbsp;<\/p><p>If you received this email by mistake, simply delete it. Your form submission won't proceed if you don't click the confirmation link above.<\/p>\",\"email_field\":\"\",\"skip_if_logged_in\":\"yes\",\"skip_if_fc_subscribed\":\"no\"}"},{"id":20,"form_id":"4","meta_key":"_primary_email_field","value":"email"}]},{"id":5,"title":"Contact Form Demo","status":"published","appearance_settings":null,"form_fields":{"fields":[{"index":0,"element":"input_name","attributes":{"name":"names","data-type":"name-element"},"settings":{"container_class":"","admin_field_label":"Name","conditional_logics":[],"label_placement":""},"fields":{"first_name":{"element":"input_text","attributes":{"type":"text","name":"first_name","value":"","id":"","class":"","placeholder":""},"settings":{"container_class":"","label":"Name*","help_message":"","visible":true,"validation_rules":{"required":{"value":true,"message":"This field is required","global":false,"global_message":"This field is required"}},"conditional_logics":[]},"editor_options":{"template":"inputText"}},"middle_name":{"element":"input_text","attributes":{"type":"text","name":"middle_name","value":"","id":"","class":"","placeholder":"","required":false},"settings":{"container_class":"","label":"Middle Name","help_message":"","error_message":"","visible":false,"validation_rules":{"required":{"value":false,"message":"This field is required","global":false,"global_message":"This field is required"}},"conditional_logics":[]},"editor_options":{"template":"inputText"}},"last_name":{"element":"input_text","attributes":{"type":"text","name":"last_name","value":"","id":"","class":"","placeholder":"Last Name","required":false},"settings":{"container_class":"","label":"Last Name","help_message":"","error_message":"","visible":false,"validation_rules":{"required":{"value":false,"message":"This field is required","global":false,"global_message":"This field is required"}},"conditional_logics":[]},"editor_options":{"template":"inputText"}}},"editor_options":{"title":"Name Fields","element":"name-fields","icon_class":"ff-edit-name","template":"nameFields"},"uniqElKey":"el_1570866006692"},{"index":1,"element":"input_email","attributes":{"type":"email","name":"email","value":"","id":"","class":"","placeholder":""},"settings":{"container_class":"","label":"Email","label_placement":"","help_message":"","admin_field_label":"","validation_rules":{"required":{"value":true,"message":"This field is required","global":false,"global_message":"This field is required"},"email":{"value":true,"message":"This field must contain a valid email","global":false,"global_message":"This field must contain a valid email"}},"conditional_logics":[],"is_unique":"no","unique_validation_message":"Email address need to be unique.","prefix_label":"","suffix_label":""},"editor_options":{"title":"Email Address","icon_class":"ff-edit-email","template":"inputText"},"uniqElKey":"el_1570866012914"},{"index":2,"element":"input_text","attributes":{"type":"text","name":"subject","value":"","class":"","placeholder":"","maxlength":""},"settings":{"container_class":"","label":"Subject","label_placement":"","admin_field_label":"Subject","help_message":"","validation_rules":{"required":{"value":false,"message":"This field is required","global":false,"global_message":"This field is required"}},"conditional_logics":{"type":"any","status":false,"conditions":[{"field":"","value":"","operator":""}]},"is_unique":"no","unique_validation_message":"This field value need to be unique.","prefix_label":"","suffix_label":""},"editor_options":{"title":"Simple Text","icon_class":"ff-edit-text","template":"inputText"},"uniqElKey":"el_1570878958648"},{"index":3,"element":"textarea","attributes":{"name":"message","value":"","id":"","class":"","placeholder":"","rows":"6","cols":2,"maxlength":""},"settings":{"container_class":"","label":"Comment*","admin_field_label":"","label_placement":"","help_message":"","validation_rules":{"required":{"value":true,"message":"This field is required","global":false,"global_message":"This field is required"}},"conditional_logics":{"type":"any","status":false,"conditions":[{"field":"","value":"","operator":""}]}},"editor_options":{"title":"Text Area","icon_class":"ff-edit-textarea","template":"inputTextarea"},"uniqElKey":"el_1570879001207"},{"index":10,"element":"gdpr_agreement","attributes":{"type":"checkbox","name":"gdpr-agreement","value":false,"class":"ff_gdpr_field"},"settings":{"label":"GDPR Agreement","tnc_html":"I consent to have this website store my submitted information so they can respond to my inquiry","admin_field_label":"GDPR Agreement","has_checkbox":true,"container_class":"","validation_rules":{"required":{"value":true,"message":"This field is required","global_message":"This field is required","global":true}},"required_field_message":"","conditional_logics":[]},"editor_options":{"title":"GDPR Agreement","icon_class":"ff-edit-gdpr","template":"termsCheckbox"},"uniqElKey":"el_1723109653123"}],"submitButton":{"uniqElKey":"el_1524065200616","element":"button","attributes":{"type":"submit","class":""},"settings":{"align":"left","button_style":"no_style","container_class":"","help_message":"","background_color":"##1a7efb","button_size":"md","color":"#ffffff","button_ui":{"type":"default","text":"Submit Comment","img_url":""},"normal_styles":{"backgroundColor":"#1a7efb","borderColor":"#1a7efb","color":"#ffffff","borderRadius":"","minWidth":""},"hover_styles":{"backgroundColor":"#ffffff","borderColor":"#1a7efb","color":"#1a7efb","borderRadius":"","minWidth":""},"current_state":"normal_styles"},"editor_options":{"title":"Submit Button"}}},"has_payment":"0","type":null,"conditions":null,"created_by":"1","created_at":"2024-08-13 09:35:21","updated_at":"2024-08-13 09:35:28","form_meta":[{"id":21,"form_id":"5","meta_key":"template_name","value":"basic_contact_form"},{"id":22,"form_id":"5","meta_key":"formSettings","value":"{\"confirmation\":{\"redirectTo\":\"samePage\",\"messageToShow\":\"Thank you for your message. We will get in touch with you shortly\",\"customPage\":null,\"samePageFormBehavior\":\"hide_form\",\"customUrl\":null},\"restrictions\":{\"limitNumberOfEntries\":{\"enabled\":false,\"numberOfEntries\":null,\"period\":\"total\",\"limitReachedMsg\":\"Maximum number of entries exceeded.\"},\"scheduleForm\":{\"enabled\":false,\"start\":null,\"end\":null,\"selectedDays\":[\"Monday\",\"Tuesday\",\"Wednesday\",\"Thursday\",\"Friday\",\"Saturday\",\"Sunday\"],\"pendingMsg\":\"Form submission is not started yet.\",\"expiredMsg\":\"Form submission is now closed.\"},\"requireLogin\":{\"enabled\":false,\"requireLoginMsg\":\"You must be logged in to submit the form.\"},\"denyEmptySubmission\":{\"enabled\":false,\"message\":\"Sorry, you cannot submit an empty form. Let's hear what you wanna say.\"}},\"layout\":{\"labelPlacement\":\"top\",\"helpMessagePlacement\":\"with_label\",\"errorMessagePlacement\":\"inline\",\"cssClassName\":\"\",\"asteriskPlacement\":\"asterisk-right\"},\"delete_entry_on_submission\":\"no\",\"appendSurveyResult\":{\"enabled\":false,\"showLabel\":false,\"showCount\":false}}"},{"id":23,"form_id":"5","meta_key":"advancedValidationSettings","value":"{\"status\":false,\"type\":\"all\",\"conditions\":[{\"field\":\"\",\"operator\":\"=\",\"value\":\"\"}],\"error_message\":\"\",\"validation_type\":\"fail_on_condition_met\"}"},{"id":24,"form_id":"5","meta_key":"double_optin_settings","value":"{\"status\":\"no\",\"confirmation_message\":\"Please check your email inbox to confirm this submission\",\"email_body_type\":\"global\",\"email_subject\":\"Please confirm your form submission\",\"email_body\":\"<h2>Please Confirm Your Submission<\/h2><p>&nbsp;<\/p><p style=\"text-align: center;\"><a style=\"color: #ffffff; background-color: #454545; font-size: 16px; border-radius: 5px; text-decoration: none; font-weight: normal; font-style: normal; padding: 0.8rem 1rem; border-color: #0072ff;\" href=\"#confirmation_url#\">Confirm Submission<\/a><\/p><p>&nbsp;<\/p><p>If you received this email by mistake, simply delete it. Your form submission won't proceed if you don't click the confirmation link above.<\/p>\",\"email_field\":\"\",\"skip_if_logged_in\":\"yes\",\"skip_if_fc_subscribed\":\"no\"}"},{"id":25,"form_id":"5","meta_key":"_primary_email_field","value":"email"},{"id":33,"form_id":"5","meta_key":"_total_views","value":"17"}],"metas":[{"id":21,"form_id":"5","meta_key":"template_name","value":"basic_contact_form"},{"id":22,"form_id":"5","meta_key":"formSettings","value":"{\"confirmation\":{\"redirectTo\":\"samePage\",\"messageToShow\":\"Thank you for your message. We will get in touch with you shortly\",\"customPage\":null,\"samePageFormBehavior\":\"hide_form\",\"customUrl\":null},\"restrictions\":{\"limitNumberOfEntries\":{\"enabled\":false,\"numberOfEntries\":null,\"period\":\"total\",\"limitReachedMsg\":\"Maximum number of entries exceeded.\"},\"scheduleForm\":{\"enabled\":false,\"start\":null,\"end\":null,\"selectedDays\":[\"Monday\",\"Tuesday\",\"Wednesday\",\"Thursday\",\"Friday\",\"Saturday\",\"Sunday\"],\"pendingMsg\":\"Form submission is not started yet.\",\"expiredMsg\":\"Form submission is now closed.\"},\"requireLogin\":{\"enabled\":false,\"requireLoginMsg\":\"You must be logged in to submit the form.\"},\"denyEmptySubmission\":{\"enabled\":false,\"message\":\"Sorry, you cannot submit an empty form. Let's hear what you wanna say.\"}},\"layout\":{\"labelPlacement\":\"top\",\"helpMessagePlacement\":\"with_label\",\"errorMessagePlacement\":\"inline\",\"cssClassName\":\"\",\"asteriskPlacement\":\"asterisk-right\"},\"delete_entry_on_submission\":\"no\",\"appendSurveyResult\":{\"enabled\":false,\"showLabel\":false,\"showCount\":false}}"},{"id":23,"form_id":"5","meta_key":"advancedValidationSettings","value":"{\"status\":false,\"type\":\"all\",\"conditions\":[{\"field\":\"\",\"operator\":\"=\",\"value\":\"\"}],\"error_message\":\"\",\"validation_type\":\"fail_on_condition_met\"}"},{"id":24,"form_id":"5","meta_key":"double_optin_settings","value":"{\"status\":\"no\",\"confirmation_message\":\"Please check your email inbox to confirm this submission\",\"email_body_type\":\"global\",\"email_subject\":\"Please confirm your form submission\",\"email_body\":\"<h2>Please Confirm Your Submission<\/h2><p>&nbsp;<\/p><p style=\"text-align: center;\"><a style=\"color: #ffffff; background-color: #454545; font-size: 16px; border-radius: 5px; text-decoration: none; font-weight: normal; font-style: normal; padding: 0.8rem 1rem; border-color: #0072ff;\" href=\"#confirmation_url#\">Confirm Submission<\/a><\/p><p>&nbsp;<\/p><p>If you received this email by mistake, simply delete it. Your form submission won't proceed if you don't click the confirmation link above.<\/p>\",\"email_field\":\"\",\"skip_if_logged_in\":\"yes\",\"skip_if_fc_subscribed\":\"no\"}"},{"id":25,"form_id":"5","meta_key":"_primary_email_field","value":"email"}]},{"id":6,"title":"Subscription Form","status":"published","appearance_settings":null,"form_fields":{"fields":[{"index":1,"element":"container","attributes":[],"settings":{"container_class":"","conditional_logics":{"type":"any","status":false,"conditions":[{"field":"","value":"","operator":""}]},"container_width":"","is_width_auto_calc":true},"columns":[{"fields":[{"index":1,"element":"input_email","attributes":{"type":"email","name":"email","value":"","id":"","class":"","placeholder":"Your Email Address"},"settings":{"container_class":"","label":"","label_placement":"","help_message":"","admin_field_label":"Email","validation_rules":{"required":{"value":true,"message":"This field is required","global":false,"global_message":"This field is required"},"email":{"value":true,"message":"This field must contain a valid email","global":false,"global_message":"This field must contain a valid email"}},"conditional_logics":[],"is_unique":"no","unique_validation_message":"Email address need to be unique.","prefix_label":"","suffix_label":""},"editor_options":{"title":"Email Address","icon_class":"ff-edit-email","template":"inputText"},"uniqElKey":"el_16231279686950.8779857923682932"}],"width":80},{"fields":[{"index":15,"element":"custom_submit_button","attributes":{"class":"","type":"submit"},"settings":{"button_style":"no_style","button_size":"md","align":"left","container_class":"","current_state":"normal_styles","background_color":"##1a7efb","color":"#ffffff","hover_styles":{"backgroundColor":"#ffffff","borderColor":"#1a7efb","color":"#1a7efb","borderRadius":"","minWidth":"100%"},"normal_styles":{"backgroundColor":"#1a7efb","borderColor":"#1a7efb","color":"#ffffff","borderRadius":"","minWidth":"100%"},"button_ui":{"text":"Subscribe Now","type":"default","img_url":""},"conditional_logics":{"type":"any","status":false,"conditions":[{"field":"","value":"","operator":""}]}},"editor_options":{"title":"Custom Submit Button","icon_class":"dashicons dashicons-arrow-right-alt","template":"customButton"},"uniqElKey":"el_16231279798380.5947400167493171"}],"width":20}],"editor_options":{"title":"Two Column Container","icon_class":"ff-edit-column-2"},"uniqElKey":"el_16231279284710.40955091024524304","modified":true}],"submitButton":{"uniqElKey":"el_1524065200616","element":"button","attributes":{"type":"submit","class":""},"settings":{"align":"left","button_style":"default","container_class":"","help_message":"","background_color":"#1a7efb","button_size":"md","color":"#ffffff","button_ui":{"type":"default","text":"Subscribe","img_url":""}},"editor_options":{"title":"Submit Button"}}},"has_payment":"0","type":"form","conditions":null,"created_by":"1","created_at":"2024-08-13 09:35:33","updated_at":"2024-08-13 09:35:39","form_meta":[{"id":26,"form_id":"6","meta_key":"template_name","value":"inline_subscription"},{"id":27,"form_id":"6","meta_key":"formSettings","value":"{\"confirmation\":{\"redirectTo\":\"samePage\",\"messageToShow\":\"Thank you for your message. We will get in touch with you shortly\",\"customPage\":null,\"samePageFormBehavior\":\"hide_form\",\"customUrl\":null},\"restrictions\":{\"limitNumberOfEntries\":{\"enabled\":false,\"numberOfEntries\":null,\"period\":\"total\",\"limitReachedMsg\":\"Maximum number of entries exceeded.\"},\"scheduleForm\":{\"enabled\":false,\"start\":null,\"end\":null,\"pendingMsg\":\"Form submission is not started yet.\",\"expiredMsg\":\"Form submission is now closed.\"},\"requireLogin\":{\"enabled\":false,\"requireLoginMsg\":\"You must be logged in to submit the form.\"},\"denyEmptySubmission\":{\"enabled\":false,\"message\":\"Sorry, you cannot submit an empty form. Let's hear what you wanna say.\"}},\"layout\":{\"labelPlacement\":\"top\",\"helpMessagePlacement\":\"with_label\",\"errorMessagePlacement\":\"inline\",\"asteriskPlacement\":\"asterisk-right\"}}"},{"id":28,"form_id":"6","meta_key":"step_data_persistency_status","value":"no"},{"id":29,"form_id":"6","meta_key":"_primary_email_field","value":"email"},{"id":30,"form_id":"6","meta_key":"notifications","value":"{\"name\":\"Admin Notification Email\",\"sendTo\":{\"type\":\"email\",\"email\":\"{wp.admin_email}\",\"field\":\"email\",\"routing\":[{\"email\":null,\"field\":null,\"operator\":\"=\",\"value\":null}]},\"fromName\":\"\",\"fromEmail\":\"\",\"replyTo\":\"\",\"bcc\":\"\",\"subject\":\"[{inputs.names}] New Form Submission\",\"message\":\"<p>{all_data}<\\\/p> <p>This form submitted at: {embed_post.permalink}<\\\/p>\",\"conditionals\":{\"status\":false,\"type\":\"all\",\"conditions\":[{\"field\":null,\"operator\":\"=\",\"value\":null}]},\"enabled\":false,\"email_template\":\"\",\"pdf_attachments\":[]}"},{"id":31,"form_id":"6","meta_key":"_total_views","value":"28"}],"metas":[{"id":26,"form_id":"6","meta_key":"template_name","value":"inline_subscription"},{"id":27,"form_id":"6","meta_key":"formSettings","value":"{\"confirmation\":{\"redirectTo\":\"samePage\",\"messageToShow\":\"Thank you for your message. We will get in touch with you shortly\",\"customPage\":null,\"samePageFormBehavior\":\"hide_form\",\"customUrl\":null},\"restrictions\":{\"limitNumberOfEntries\":{\"enabled\":false,\"numberOfEntries\":null,\"period\":\"total\",\"limitReachedMsg\":\"Maximum number of entries exceeded.\"},\"scheduleForm\":{\"enabled\":false,\"start\":null,\"end\":null,\"pendingMsg\":\"Form submission is not started yet.\",\"expiredMsg\":\"Form submission is now closed.\"},\"requireLogin\":{\"enabled\":false,\"requireLoginMsg\":\"You must be logged in to submit the form.\"},\"denyEmptySubmission\":{\"enabled\":false,\"message\":\"Sorry, you cannot submit an empty form. Let's hear what you wanna say.\"}},\"layout\":{\"labelPlacement\":\"top\",\"helpMessagePlacement\":\"with_label\",\"errorMessagePlacement\":\"inline\",\"asteriskPlacement\":\"asterisk-right\"}}"},{"id":28,"form_id":"6","meta_key":"step_data_persistency_status","value":"no"},{"id":29,"form_id":"6","meta_key":"_primary_email_field","value":"email"},{"id":30,"form_id":"6","meta_key":"notifications","value":"{\"name\":\"Admin Notification Email\",\"sendTo\":{\"type\":\"email\",\"email\":\"{wp.admin_email}\",\"field\":\"email\",\"routing\":[{\"email\":null,\"field\":null,\"operator\":\"=\",\"value\":null}]},\"fromName\":\"\",\"fromEmail\":\"\",\"replyTo\":\"\",\"bcc\":\"\",\"subject\":\"[{inputs.names}] New Form Submission\",\"message\":\"<p>{all_data}<\\\/p> <p>This form submitted at: {embed_post.permalink}<\\\/p>\",\"conditionals\":{\"status\":false,\"type\":\"all\",\"conditions\":[{\"field\":null,\"operator\":\"=\",\"value\":null}]},\"enabled\":false,\"email_template\":\"\",\"pdf_attachments\":[]}"}]},{"id":7,"title":"Subscription Form 2","status":"published","appearance_settings":null,"form_fields":{"fields":[{"index":1,"element":"container","attributes":[],"settings":{"container_class":"","conditional_logics":{"type":"any","status":false,"conditions":[{"field":"","value":"","operator":""}]},"container_width":"","is_width_auto_calc":true},"columns":[{"fields":[{"index":1,"element":"input_email","attributes":{"type":"email","name":"email","value":"","id":"","class":"","placeholder":"Enter Your E-mail"},"settings":{"container_class":"","label":"","label_placement":"","help_message":"","admin_field_label":"Email","validation_rules":{"required":{"value":true,"message":"This field is required","global":false,"global_message":"This field is required"},"email":{"value":true,"message":"This field must contain a valid email","global":false,"global_message":"This field must contain a valid email"}},"conditional_logics":[],"is_unique":"no","unique_validation_message":"Email address need to be unique.","prefix_label":"","suffix_label":""},"editor_options":{"title":"Email Address","icon_class":"ff-edit-email","template":"inputText"},"uniqElKey":"el_16231279686950.8779857923682932"}],"width":80},{"fields":[{"index":15,"element":"custom_submit_button","attributes":{"class":"","type":"submit"},"settings":{"button_style":"no_style","button_size":"md","align":"left","container_class":"","current_state":"normal_styles","background_color":"##1a7efb","color":"#ffffff","hover_styles":{"backgroundColor":"#ffffff","borderColor":"#1a7efb","color":"#1a7efb","borderRadius":"","minWidth":"100%"},"normal_styles":{"backgroundColor":"#1a7efb","borderColor":"#1a7efb","color":"#ffffff","borderRadius":"","minWidth":"100%"},"button_ui":{"text":"Subscribe","type":"default","img_url":""},"conditional_logics":{"type":"any","status":false,"conditions":[{"field":"","value":"","operator":""}]}},"editor_options":{"title":"Custom Submit Button","icon_class":"dashicons dashicons-arrow-right-alt","template":"customButton"},"uniqElKey":"el_16231279798380.5947400167493171"}],"width":20}],"editor_options":{"title":"Two Column Container","icon_class":"ff-edit-column-2"},"uniqElKey":"el_16231279284710.40955091024524304","modified":true}],"submitButton":{"uniqElKey":"el_1524065200616","element":"button","attributes":{"type":"submit","class":""},"settings":{"align":"left","button_style":"default","container_class":"","help_message":"","background_color":"#1a7efb","button_size":"md","color":"#ffffff","button_ui":{"type":"default","text":"Subscribe","img_url":""}},"editor_options":{"title":"Submit Button"}}},"has_payment":"0","type":"form","conditions":null,"created_by":"1","created_at":"2024-09-06 04:12:54","updated_at":"2024-09-06 04:14:02","form_meta":[{"id":35,"form_id":"7","meta_key":"template_name","value":"inline_subscription"},{"id":36,"form_id":"7","meta_key":"formSettings","value":"{\"confirmation\":{\"redirectTo\":\"samePage\",\"messageToShow\":\"Thank you for your message. We will get in touch with you shortly\",\"customPage\":null,\"samePageFormBehavior\":\"hide_form\",\"customUrl\":null},\"restrictions\":{\"limitNumberOfEntries\":{\"enabled\":false,\"numberOfEntries\":null,\"period\":\"total\",\"limitReachedMsg\":\"Maximum number of entries exceeded.\"},\"scheduleForm\":{\"enabled\":false,\"start\":null,\"end\":null,\"pendingMsg\":\"Form submission is not started yet.\",\"expiredMsg\":\"Form submission is now closed.\"},\"requireLogin\":{\"enabled\":false,\"requireLoginMsg\":\"You must be logged in to submit the form.\"},\"denyEmptySubmission\":{\"enabled\":false,\"message\":\"Sorry, you cannot submit an empty form. Let's hear what you wanna say.\"}},\"layout\":{\"labelPlacement\":\"top\",\"helpMessagePlacement\":\"with_label\",\"errorMessagePlacement\":\"inline\",\"asteriskPlacement\":\"asterisk-right\"}}"},{"id":37,"form_id":"7","meta_key":"step_data_persistency_status","value":"no"},{"id":38,"form_id":"7","meta_key":"_primary_email_field","value":"email"},{"id":39,"form_id":"7","meta_key":"notifications","value":"{\"name\":\"Admin Notification Email\",\"sendTo\":{\"type\":\"email\",\"email\":\"{wp.admin_email}\",\"field\":\"email\",\"routing\":[{\"email\":null,\"field\":null,\"operator\":\"=\",\"value\":null}]},\"fromName\":\"\",\"fromEmail\":\"\",\"replyTo\":\"\",\"bcc\":\"\",\"subject\":\"[{inputs.names}] New Form Submission\",\"message\":\"<p>{all_data}<\\\/p> <p>This form submitted at: {embed_post.permalink}<\\\/p>\",\"conditionals\":{\"status\":false,\"type\":\"all\",\"conditions\":[{\"field\":null,\"operator\":\"=\",\"value\":null}]},\"enabled\":false,\"email_template\":\"\",\"pdf_attachments\":[]}"},{"id":40,"form_id":"7","meta_key":"_total_views","value":"4"}],"metas":[{"id":35,"form_id":"7","meta_key":"template_name","value":"inline_subscription"},{"id":36,"form_id":"7","meta_key":"formSettings","value":"{\"confirmation\":{\"redirectTo\":\"samePage\",\"messageToShow\":\"Thank you for your message. We will get in touch with you shortly\",\"customPage\":null,\"samePageFormBehavior\":\"hide_form\",\"customUrl\":null},\"restrictions\":{\"limitNumberOfEntries\":{\"enabled\":false,\"numberOfEntries\":null,\"period\":\"total\",\"limitReachedMsg\":\"Maximum number of entries exceeded.\"},\"scheduleForm\":{\"enabled\":false,\"start\":null,\"end\":null,\"pendingMsg\":\"Form submission is not started yet.\",\"expiredMsg\":\"Form submission is now closed.\"},\"requireLogin\":{\"enabled\":false,\"requireLoginMsg\":\"You must be logged in to submit the form.\"},\"denyEmptySubmission\":{\"enabled\":false,\"message\":\"Sorry, you cannot submit an empty form. Let's hear what you wanna say.\"}},\"layout\":{\"labelPlacement\":\"top\",\"helpMessagePlacement\":\"with_label\",\"errorMessagePlacement\":\"inline\",\"asteriskPlacement\":\"asterisk-right\"}}"},{"id":37,"form_id":"7","meta_key":"step_data_persistency_status","value":"no"},{"id":38,"form_id":"7","meta_key":"_primary_email_field","value":"email"},{"id":39,"form_id":"7","meta_key":"notifications","value":"{\"name\":\"Admin Notification Email\",\"sendTo\":{\"type\":\"email\",\"email\":\"{wp.admin_email}\",\"field\":\"email\",\"routing\":[{\"email\":null,\"field\":null,\"operator\":\"=\",\"value\":null}]},\"fromName\":\"\",\"fromEmail\":\"\",\"replyTo\":\"\",\"bcc\":\"\",\"subject\":\"[{inputs.names}] New Form Submission\",\"message\":\"<p>{all_data}<\\\/p> <p>This form submitted at: {embed_post.permalink}<\\\/p>\",\"conditionals\":{\"status\":false,\"type\":\"all\",\"conditions\":[{\"field\":null,\"operator\":\"=\",\"value\":null}]},\"enabled\":false,\"email_template\":\"\",\"pdf_attachments\":[]}"}]}]